Series Name,Series Code,Country Name,Country Code,2019 [YR2019],,,,,,,,
"Mortality rate, adult, female (per 1,000 female adults)",SP.DYN.AMRT.FE,World,WLD,111.1191104,,,,,,,,
"Mortality rate, adult, female (per 1,000 female adults)",SP.DYN.AMRT.FE,Afghanistan,AFG,190.261,,,,,,,,
"Mortality rate, adult, female (per 1,000 female adults)",SP.DYN.AMRT.FE,Africa Eastern and Southern,AFE,218.6432508,,,,,,,,
"Mortality rate, adult, female (per 1,000 female adults)",SP.DYN.AMRT.FE,Africa Western and Central,AFW,292.122943,,,,,,,,
"Mortality rate, adult, female (per 1,000 female adults)",SP.DYN.AMRT.FE,Albania,ALB,42.182,,,,,,,,
"Mortality rate, adult, female (per 1,000 female adults)",SP.DYN.AMRT.FE,Algeria,DZA,66.864,,,,,,,,
"Mortality rate, adult, female (per 1,000 female adults)",SP.DYN.AMRT.FE,American Samoa,ASM,..,,,,,,,,
"Mortality rate, adult, female (per 1,000 female adults)",SP.DYN.AMRT.FE,Andorra,AND,..,,,,,,,,
"Mortality rate, adult, female (per 1,000 female adults)",SP.DYN.AMRT.FE,Angola,AGO,214.355,,,,,,,,
"Mortality rate, adult, female (per 1,000 female adults)",SP.DYN.AMRT.FE,Antigua and Barbuda,ATG,60.871,,,,,,,,
"Mortality rate, adult, female (per 1,000 female adults)",SP.DYN.AMRT.FE,Arab World,ARB,106.588386,,,,,,,,
"Mortality rate, adult, female (per 1,000 female adults)",SP.DYN.AMRT.FE,Argentina,ARG,70.582,,,,,,,,
"Mortality rate, adult, female (per 1,000 female adults)",SP.DYN.AMRT.FE,Armenia,ARM,58.735,,,,,,,,
"Mortality rate, adult, female (per 1,000 female adults)",SP.DYN.AMRT.FE,Aruba,ABW,58.036,,,,,,,,
"Mortality rate, adult, female (per 1,000 female adults)",SP.DYN.AMRT.FE,Australia,AUS,42.391,,,,,,,,
"Mortality rate, adult, female (per 1,000 female adults)",SP.DYN.AMRT.FE,Austria,AUT,40.952,,,,,,,,
"Mortality rate, adult, female (per 1,000 female adults)",SP.DYN.AMRT.FE,Azerbaijan,AZE,88.246,,,,,,,,
"Mortality rate, adult, female (per 1,000 female adults)",SP.DYN.AMRT.FE,"Bahamas, The",BHS,159.168,,,,,,,,
"Mortality rate, adult, female (per 1,000 female adults)",SP.DYN.AMRT.FE,Bahrain,BHR,48.797,,,,,,,,
"Mortality rate, adult, female (per 1,000 female adults)",SP.DYN.AMRT.FE,Bangladesh,BGD,94.56,,,,,,,,
"Mortality rate, adult, female (per 1,000 female adults)",SP.DYN.AMRT.FE,Barbados,BRB,86.375,,,,,,,,
"Mortality rate, adult, female (per 1,000 female adults)",SP.DYN.AMRT.FE,Belarus,BLR,..,,,,,,,,
"Mortality rate, adult, female (per 1,000 female adults)",SP.DYN.AMRT.FE,Belgium,BEL,46.994,,,,,,,,
"Mortality rate, adult, female (per 1,000 female adults)",SP.DYN.AMRT.FE,Belize,BLZ,99.906,,,,,,,,
"Mortality rate, adult, female (per 1,000 female adults)",SP.DYN.AMRT.FE,Benin,BEN,239.831,,,,,,,,
"Mortality rate, adult, female (per 1,000 female adults)",SP.DYN.AMRT.FE,Bermuda,BMU,42.748,,,,,,,,
"Mortality rate, adult, female (per 1,000 female adults)",SP.DYN.AMRT.FE,Bhutan,BTN,116.444,,,,,,,,
"Mortality rate, adult, female (per 1,000 female adults)",SP.DYN.AMRT.FE,Bolivia,BOL,146.643,,,,,,,,
"Mortality rate, adult, female (per 1,000 female adults)",SP.DYN.AMRT.FE,Bosnia and Herzegovina,BIH,48.461,,,,,,,,
"Mortality rate, adult, female (per 1,000 female adults)",SP.DYN.AMRT.FE,Botswana,BWA,208.597,,,,,,,,
"Mortality rate, adult, female (per 1,000 female adults)",SP.DYN.AMRT.FE,Brazil,BRA,75.626,,,,,,,,
"Mortality rate, adult, female (per 1,000 female adults)",SP.DYN.AMRT.FE,British Virgin Islands,VGB,58.401,,,,,,,,
"Mortality rate, adult, female (per 1,000 female adults)",SP.DYN.AMRT.FE,Brunei Darussalam,BRN,98.446,,,,,,,,
"Mortality rate, adult, female (per 1,000 female adults)",SP.DYN.AMRT.FE,Bulgaria,BGR,81.732,,,,,,,,
"Mortality rate, adult, female (per 1,000 female adults)",SP.DYN.AMRT.FE,Burkina Faso,BFA,225.045,,,,,,,,
"Mortality rate, adult, female (per 1,000 female adults)",SP.DYN.AMRT.FE,Burundi,BDI,232.316,,,,,,,,
"Mortality rate, adult, female (per 1,000 female adults)",SP.DYN.AMRT.FE,Cabo Verde,CPV,64.704,,,,,,,,
"Mortality rate, adult, female (per 1,000 female adults)",SP.DYN.AMRT.FE,Cambodia,KHM,133.768,,,,,,,,
"Mortality rate, adult, female (per 1,000 female adults)",SP.DYN.AMRT.FE,Cameroon,CMR,260.365,,,,,,,,
"Mortality rate, adult, female (per 1,000 female adults)",SP.DYN.AMRT.FE,Canada,CAN,49.747,,,,,,,,
"Mortality rate, adult, female (per 1,000 female adults)",SP.DYN.AMRT.FE,Caribbean small states,CSS,124.5530436,,,,,,,,
"Mortality rate, adult, female (per 1,000 female adults)",SP.DYN.AMRT.FE,Cayman Islands,CYM,..,,,,,,,,
"Mortality rate, adult, female (per 1,000 female adults)",SP.DYN.AMRT.FE,Central African Republic,CAF,357.25,,,,,,,,
"Mortality rate, adult, female (per 1,000 female adults)",SP.DYN.AMRT.FE,Central Europe and the Baltics,CEB,61.54813346,,,,,,,,
"Mortality rate, adult, female (per 1,000 female adults)",SP.DYN.AMRT.FE,Chad,TCD,330.834,,,,,,,,
"Mortality rate, adult, female (per 1,000 female adults)",SP.DYN.AMRT.FE,Channel Islands,CHI,38.837,,,,,,,,
"Mortality rate, adult, female (per 1,000 female adults)",SP.DYN.AMRT.FE,Chile,CHL,57.863,,,,,,,,
"Mortality rate, adult, female (per 1,000 female adults)",SP.DYN.AMRT.FE,China,CHN,56.969,,,,,,,,
"Mortality rate, adult, female (per 1,000 female adults)",SP.DYN.AMRT.FE,Colombia,COL,73.515,,,,,,,,
"Mortality rate, adult, female (per 1,000 female adults)",SP.DYN.AMRT.FE,Comoros,COM,192.742,,,,,,,,
"Mortality rate, adult, female (per 1,000 female adults)",SP.DYN.AMRT.FE,"Congo, Dem. Rep.",COD,238.474,,,,,,,,
"Mortality rate, adult, female (per 1,000 female adults)",SP.DYN.AMRT.FE,"Congo, Rep.",COG,264.087,,,,,,,,
"Mortality rate, adult, female (per 1,000 female adults)",SP.DYN.AMRT.FE,Costa Rica,CRI,51.24,,,,,,,,
"Mortality rate, adult, female (per 1,000 female adults)",SP.DYN.AMRT.FE,Cote d'Ivoire,CIV,331.42,,,,,,,,
"Mortality rate, adult, female (per 1,000 female adults)",SP.DYN.AMRT.FE,Croatia,HRV,42.734,,,,,,,,
"Mortality rate, adult, female (per 1,000 female adults)",SP.DYN.AMRT.FE,Cuba,CUB,75.858,,,,,,,,
"Mortality rate, adult, female (per 1,000 female adults)",SP.DYN.AMRT.FE,Curacao,CUW,61.384,,,,,,,,
"Mortality rate, adult, female (per 1,000 female adults)",SP.DYN.AMRT.FE,Cyprus,CYP,40.41,,,,,,,,
"Mortality rate, adult, female (per 1,000 female adults)",SP.DYN.AMRT.FE,Czechia,CZE,51.96,,,,,,,,
"Mortality rate, adult, female (per 1,000 female adults)",SP.DYN.AMRT.FE,Denmark,DNK,43.817,,,,,,,,
"Mortality rate, adult, female (per 1,000 female adults)",SP.DYN.AMRT.FE,Djibouti,DJI,211.945,,,,,,,,
"Mortality rate, adult, female (per 1,000 female adults)",SP.DYN.AMRT.FE,Dominica,DMA,101.57,,,,,,,,
"Mortality rate, adult, female (per 1,000 female adults)",SP.DYN.AMRT.FE,Dominican Republic,DOM,104.064,,,,,,,,
"Mortality rate, adult, female (per 1,000 female adults)",SP.DYN.AMRT.FE,Early-demographic dividend,EAR,129.2921886,,,,,,,,
"Mortality rate, adult, female (per 1,000 female adults)",SP.DYN.AMRT.FE,East Asia & Pacific,EAS,72.54931098,,,,,,,,
"Mortality rate, adult, female (per 1,000 female adults)",SP.DYN.AMRT.FE,East Asia & Pacific (excluding high income),EAP,76.75549558,,,,,,,,
"Mortality rate, adult, female (per 1,000 female adults)",SP.DYN.AMRT.FE,East Asia & Pacific (IDA & IBRD countries),TEA,76.36487148,,,,,,,,
"Mortality rate, adult, female (per 1,000 female adults)",SP.DYN.AMRT.FE,Ecuador,ECU,81.821,,,,,,,,
"Mortality rate, adult, female (per 1,000 female adults)",SP.DYN.AMRT.FE,"Egypt, Arab Rep.",EGY,103.044,,,,,,,,
"Mortality rate, adult, female (per 1,000 female adults)",SP.DYN.AMRT.FE,El Salvador,SLV,110.302,,,,,,,,
"Mortality rate, adult, female (per 1,000 female adults)",SP.DYN.AMRT.FE,Equatorial Guinea,GNQ,230.424,,,,,,,,
"Mortality rate, adult, female (per 1,000 female adults)",SP.DYN.AMRT.FE,Eritrea,ERI,173.631,,,,,,,,
"Mortality rate, adult, female (per 1,000 female adults)",SP.DYN.AMRT.FE,Estonia,EST,58.202,,,,,,,,
"Mortality rate, adult, female (per 1,000 female adults)",SP.DYN.AMRT.FE,Eswatini,SWZ,293.304,,,,,,,,
"Mortality rate, adult, female (per 1,000 female adults)",SP.DYN.AMRT.FE,Ethiopia,ETH,171.203,,,,,,,,
"Mortality rate, adult, female (per 1,000 female adults)",SP.DYN.AMRT.FE,Euro area,EMU,43.10126514,,,,,,,,
"Mortality rate, adult, female (per 1,000 female adults)",SP.DYN.AMRT.FE,Europe & Central Asia,ECS,55.17369923,,,,,,,,
"Mortality rate, adult, female (per 1,000 female adults)",SP.DYN.AMRT.FE,Europe & Central Asia (excluding high income),ECA,..,,,,,,,,
"Mortality rate, adult, female (per 1,000 female adults)",SP.DYN.AMRT.FE,Europe & Central Asia (IDA & IBRD countries),TEC,..,,,,,,,,
"Mortality rate, adult, female (per 1,000 female adults)",SP.DYN.AMRT.FE,European Union,EUU,46.67091023,,,,,,,,
"Mortality rate, adult, female (per 1,000 female adults)",SP.DYN.AMRT.FE,Faroe Islands,FRO,..,,,,,,,,
"Mortality rate, adult, female (per 1,000 female adults)",SP.DYN.AMRT.FE,Fiji,FJI,180.315,,,,,,,,
"Mortality rate, adult, female (per 1,000 female adults)",SP.DYN.AMRT.FE,Finland,FIN,43.207,,,,,,,,
"Mortality rate, adult, female (per 1,000 female adults)",SP.DYN.AMRT.FE,Fragile and conflict affected situations,FCS,223.6324118,,,,,,,,
"Mortality rate, adult, female (per 1,000 female adults)",SP.DYN.AMRT.FE,France,FRA,47.023,,,,,,,,
"Mortality rate, adult, female (per 1,000 female adults)",SP.DYN.AMRT.FE,French Polynesia,PYF,29.348,,,,,,,,
"Mortality rate, adult, female (per 1,000 female adults)",SP.DYN.AMRT.FE,Gabon,GAB,190.405,,,,,,,,
"Mortality rate, adult, female (per 1,000 female adults)",SP.DYN.AMRT.FE,"Gambia, The",GMB,225.132,,,,,,,,
"Mortality rate, adult, female (per 1,000 female adults)",SP.DYN.AMRT.FE,Georgia,GEO,70.681,,,,,,,,
"Mortality rate, adult, female (per 1,000 female adults)",SP.DYN.AMRT.FE,Germany,DEU,46.582,,,,,,,,
"Mortality rate, adult, female (per 1,000 female adults)",SP.DYN.AMRT.FE,Ghana,GHA,204.479,,,,,,,,
"Mortality rate, adult, female (per 1,000 female adults)",SP.DYN.AMRT.FE,Gibraltar,GIB,43.348,,,,,,,,
"Mortality rate, adult, female (per 1,000 female adults)",SP.DYN.AMRT.FE,Greece,GRC,36.724,,,,,,,,
"Mortality rate, adult, female (per 1,000 female adults)",SP.DYN.AMRT.FE,Greenland,GRL,126.844,,,,,,,,
"Mortality rate, adult, female (per 1,000 female adults)",SP.DYN.AMRT.FE,Grenada,GRD,91.305,,,,,,,,
"Mortality rate, adult, female (per 1,000 female adults)",SP.DYN.AMRT.FE,Guam,GUM,87.115,,,,,,,,
"Mortality rate, adult, female (per 1,000 female adults)",SP.DYN.AMRT.FE,Guatemala,GTM,125.804,,,,,,,,
"Mortality rate, adult, female (per 1,000 female adults)",SP.DYN.AMRT.FE,Guinea,GIN,246.335,,,,,,,,
"Mortality rate, adult, female (per 1,000 female adults)",SP.DYN.AMRT.FE,Guinea-Bissau,GNB,249.391,,,,,,,,
"Mortality rate, adult, female (per 1,000 female adults)",SP.DYN.AMRT.FE,Guyana,GUY,163.963,,,,,,,,
"Mortality rate, adult, female (per 1,000 female adults)",SP.DYN.AMRT.FE,Haiti,HTI,176.812,,,,,,,,
"Mortality rate, adult, female (per 1,000 female adults)",SP.DYN.AMRT.FE,Heavily indebted poor countries (HIPC),HPC,210.0536657,,,,,,,,
"Mortality rate, adult, female (per 1,000 female adults)",SP.DYN.AMRT.FE,High income,HIC,54.8151961,,,,,,,,
"Mortality rate, adult, female (per 1,000 female adults)",SP.DYN.AMRT.FE,Honduras,HND,109.784,,,,,,,,
"Mortality rate, adult, female (per 1,000 female adults)",SP.DYN.AMRT.FE,"Hong Kong SAR, China",HKG,25.018,,,,,,,,
"Mortality rate, adult, female (per 1,000 female adults)",SP.DYN.AMRT.FE,Hungary,HUN,75.172,,,,,,,,
"Mortality rate, adult, female (per 1,000 female adults)",SP.DYN.AMRT.FE,IBRD only,IBD,..,,,,,,,,
"Mortality rate, adult, female (per 1,000 female adults)",SP.DYN.AMRT.FE,Iceland,ISL,45.372,,,,,,,,
"Mortality rate, adult, female (per 1,000 female adults)",SP.DYN.AMRT.FE,IDA & IBRD total,IBT,121.3822206,,,,,,,,
"Mortality rate, adult, female (per 1,000 female adults)",SP.DYN.AMRT.FE,IDA blend,IDB,..,,,,,,,,
"Mortality rate, adult, female (per 1,000 female adults)",SP.DYN.AMRT.FE,IDA only,IDX,..,,,,,,,,
"Mortality rate, adult, female (per 1,000 female adults)",SP.DYN.AMRT.FE,IDA total,IDA,..,,,,,,,,
"Mortality rate, adult, female (per 1,000 female adults)",SP.DYN.AMRT.FE,India,IND,139.668,,,,,,,,
"Mortality rate, adult, female (per 1,000 female adults)",SP.DYN.AMRT.FE,Indonesia,IDN,142.276,,,,,,,,
"Mortality rate, adult, female (per 1,000 female adults)",SP.DYN.AMRT.FE,"Iran, Islamic Rep.",IRN,64.742,,,,,,,,
"Mortality rate, adult, female (per 1,000 female adults)",SP.DYN.AMRT.FE,Iraq,IRQ,115.615,,,,,,,,
"Mortality rate, adult, female (per 1,000 female adults)",SP.DYN.AMRT.FE,Ireland,IRL,42.364,,,,,,,,
"Mortality rate, adult, female (per 1,000 female adults)",SP.DYN.AMRT.FE,Isle of Man,IMN,52.17,,,,,,,,
"Mortality rate, adult, female (per 1,000 female adults)",SP.DYN.AMRT.FE,Israel,ISR,..,,,,,,,,
"Mortality rate, adult, female (per 1,000 female adults)",SP.DYN.AMRT.FE,Italy,ITA,35.534,,,,,,,,
"Mortality rate, adult, female (per 1,000 female adults)",SP.DYN.AMRT.FE,Jamaica,JAM,127.614,,,,,,,,
"Mortality rate, adult, female (per 1,000 female adults)",SP.DYN.AMRT.FE,Japan,JPN,35.483,,,,,,,,
"Mortality rate, adult, female (per 1,000 female adults)",SP.DYN.AMRT.FE,Jordan,JOR,68.954,,,,,,,,
"Mortality rate, adult, female (per 1,000 female adults)",SP.DYN.AMRT.FE,Kazakhstan,KAZ,105.939,,,,,,,,
"Mortality rate, adult, female (per 1,000 female adults)",SP.DYN.AMRT.FE,Kenya,KEN,291.473,,,,,,,,
"Mortality rate, adult, female (per 1,000 female adults)",SP.DYN.AMRT.FE,Kiribati,KIR,165.046,,,,,,,,
"Mortality rate, adult, female (per 1,000 female adults)",SP.DYN.AMRT.FE,"Korea, Dem. People's Rep.",PRK,107.521,,,,,,,,
"Mortality rate, adult, female (per 1,000 female adults)",SP.DYN.AMRT.FE,"Korea, Rep.",KOR,22.07,,,,,,,,
"Mortality rate, adult, female (per 1,000 female adults)",SP.DYN.AMRT.FE,Kosovo,XKX,51.535,,,,,,,,
"Mortality rate, adult, female (per 1,000 female adults)",SP.DYN.AMRT.FE,Kuwait,KWT,31.812,,,,,,,,
"Mortality rate, adult, female (per 1,000 female adults)",SP.DYN.AMRT.FE,Kyrgyz Republic,KGZ,99.337,,,,,,,,
"Mortality rate, adult, female (per 1,000 female adults)",SP.DYN.AMRT.FE,Lao PDR,LAO,145.472,,,,,,,,
"Mortality rate, adult, female (per 1,000 female adults)",SP.DYN.AMRT.FE,Late-demographic dividend,LTE,63.19879203,,,,,,,,
"Mortality rate, adult, female (per 1,000 female adults)",SP.DYN.AMRT.FE,Latin America & Caribbean,LCN,86.8558178,,,,,,,,
"Mortality rate, adult, female (per 1,000 female adults)",SP.DYN.AMRT.FE,Latin America & Caribbean (excluding high income),LAC,87.4124713,,,,,,,,
"Mortality rate, adult, female (per 1,000 female adults)",SP.DYN.AMRT.FE,Latin America & the Caribbean (IDA & IBRD countries),TLA,87.206474,,,,,,,,
"Mortality rate, adult, female (per 1,000 female adults)",SP.DYN.AMRT.FE,Latvia,LVA,84.503,,,,,,,,
"Mortality rate, adult, female (per 1,000 female adults)",SP.DYN.AMRT.FE,Least developed countries: UN classification,LDC,179.2132156,,,,,,,,
"Mortality rate, adult, female (per 1,000 female adults)",SP.DYN.AMRT.FE,Lebanon,LBN,54.273,,,,,,,,
"Mortality rate, adult, female (per 1,000 female adults)",SP.DYN.AMRT.FE,Lesotho,LSO,406.656,,,,,,,,
"Mortality rate, adult, female (per 1,000 female adults)",SP.DYN.AMRT.FE,Liberia,LBR,260.508,,,,,,,,
"Mortality rate, adult, female (per 1,000 female adults)",SP.DYN.AMRT.FE,Libya,LBY,116.364,,,,,,,,
"Mortality rate, adult, female (per 1,000 female adults)",SP.DYN.AMRT.FE,Liechtenstein,LIE,..,,,,,,,,
"Mortality rate, adult, female (per 1,000 female adults)",SP.DYN.AMRT.FE,Lithuania,LTU,73.279,,,,,,,,
"Mortality rate, adult, female (per 1,000 female adults)",SP.DYN.AMRT.FE,Low & middle income,LMY,122.2120696,,,,,,,,
"Mortality rate, adult, female (per 1,000 female adults)",SP.DYN.AMRT.FE,Low income,LIC,201.052052,,,,,,,,
"Mortality rate, adult, female (per 1,000 female adults)",SP.DYN.AMRT.FE,Lower middle income,LMC,148.4001667,,,,,,,,
"Mortality rate, adult, female (per 1,000 female adults)",SP.DYN.AMRT.FE,Luxembourg,LUX,38.902,,,,,,,,
"Mortality rate, adult, female (per 1,000 female adults)",SP.DYN.AMRT.FE,"Macao SAR, China",MAC,25.019,,,,,,,,
"Mortality rate, adult, female (per 1,000 female adults)",SP.DYN.AMRT.FE,Madagascar,MDG,177.536,,,,,,,,
"Mortality rate, adult, female (per 1,000 female adults)",SP.DYN.AMRT.FE,Malawi,MWI,234.306,,,,,,,,
"Mortality rate, adult, female (per 1,000 female adults)",SP.DYN.AMRT.FE,Malaysia,MYS,75.019,,,,,,,,
"Mortality rate, adult, female (per 1,000 female adults)",SP.DYN.AMRT.FE,Maldives,MDV,41.925,,,,,,,,
"Mortality rate, adult, female (per 1,000 female adults)",SP.DYN.AMRT.FE,Mali,MLI,235.567,,,,,,,,
"Mortality rate, adult, female (per 1,000 female adults)",SP.DYN.AMRT.FE,Malta,MLT,26.21,,,,,,,,
"Mortality rate, adult, female (per 1,000 female adults)",SP.DYN.AMRT.FE,Marshall Islands,MHL,244.319,,,,,,,,
"Mortality rate, adult, female (per 1,000 female adults)",SP.DYN.AMRT.FE,Mauritania,MRT,159.031,,,,,,,,
"Mortality rate, adult, female (per 1,000 female adults)",SP.DYN.AMRT.FE,Mauritius,MUS,78.93,,,,,,,,
"Mortality rate, adult, female (per 1,000 female adults)",SP.DYN.AMRT.FE,Mexico,MEX,99.114,,,,,,,,
"Mortality rate, adult, female (per 1,000 female adults)",SP.DYN.AMRT.FE,"Micronesia, Fed. Sts.",FSM,99.803,,,,,,,,
"Mortality rate, adult, female (per 1,000 female adults)",SP.DYN.AMRT.FE,Middle East & North Africa,MEA,87.84329438,,,,,,,,
"Mortality rate, adult, female (per 1,000 female adults)",SP.DYN.AMRT.FE,Middle East & North Africa (excluding high income),MNA,90.3084018,,,,,,,,
"Mortality rate, adult, female (per 1,000 female adults)",SP.DYN.AMRT.FE,Middle East & North Africa (IDA & IBRD countries),TMN,90.44116885,,,,,,,,
"Mortality rate, adult, female (per 1,000 female adults)",SP.DYN.AMRT.FE,Middle income,MIC,114.5839684,,,,,,,,
"Mortality rate, adult, female (per 1,000 female adults)",SP.DYN.AMRT.FE,Moldova,MDA,96.243,,,,,,,,
"Mortality rate, adult, female (per 1,000 female adults)",SP.DYN.AMRT.FE,Monaco,MCO,..,,,,,,,,
"Mortality rate, adult, female (per 1,000 female adults)",SP.DYN.AMRT.FE,Mongolia,MNG,99.142,,,,,,,,
"Mortality rate, adult, female (per 1,000 female adults)",SP.DYN.AMRT.FE,Montenegro,MNE,65.403,,,,,,,,
"Mortality rate, adult, female (per 1,000 female adults)",SP.DYN.AMRT.FE,Morocco,MAR,85.393,,,,,,,,
"Mortality rate, adult, female (per 1,000 female adults)",SP.DYN.AMRT.FE,Mozambique,MOZ,224.848,,,,,,,,
"Mortality rate, adult, female (per 1,000 female adults)",SP.DYN.AMRT.FE,Myanmar,MMR,153.08,,,,,,,,
"Mortality rate, adult, female (per 1,000 female adults)",SP.DYN.AMRT.FE,Namibia,NAM,270.991,,,,,,,,
"Mortality rate, adult, female (per 1,000 female adults)",SP.DYN.AMRT.FE,Nauru,NRU,248.787,,,,,,,,
"Mortality rate, adult, female (per 1,000 female adults)",SP.DYN.AMRT.FE,Nepal,NPL,143.707,,,,,,,,
"Mortality rate, adult, female (per 1,000 female adults)",SP.DYN.AMRT.FE,Netherlands,NLD,45.049,,,,,,,,
"Mortality rate, adult, female (per 1,000 female adults)",SP.DYN.AMRT.FE,New Caledonia,NCL,49.005,,,,,,,,
"Mortality rate, adult, female (per 1,000 female adults)",SP.DYN.AMRT.FE,New Zealand,NZL,50.809,,,,,,,,
"Mortality rate, adult, female (per 1,000 female adults)",SP.DYN.AMRT.FE,Nicaragua,NIC,96.366,,,,,,,,
"Mortality rate, adult, female (per 1,000 female adults)",SP.DYN.AMRT.FE,Niger,NER,197.324,,,,,,,,
"Mortality rate, adult, female (per 1,000 female adults)",SP.DYN.AMRT.FE,Nigeria,NGA,357.041,,,,,,,,
"Mortality rate, adult, female (per 1,000 female adults)",SP.DYN.AMRT.FE,North America,NAC,76.36431153,,,,,,,,
"Mortality rate, adult, female (per 1,000 female adults)",SP.DYN.AMRT.FE,North Macedonia,MKD,49.84,,,,,,,,
"Mortality rate, adult, female (per 1,000 female adults)",SP.DYN.AMRT.FE,Northern Mariana Islands,MNP,..,,,,,,,,
"Mortality rate, adult, female (per 1,000 female adults)",SP.DYN.AMRT.FE,Norway,NOR,37.433,,,,,,,,
"Mortality rate, adult, female (per 1,000 female adults)",SP.DYN.AMRT.FE,Not classified,INX,..,,,,,,,,
"Mortality rate, adult, female (per 1,000 female adults)",SP.DYN.AMRT.FE,OECD members,OED,59.05993756,,,,,,,,
"Mortality rate, adult, female (per 1,000 female adults)",SP.DYN.AMRT.FE,Oman,OMN,53.222,,,,,,,,
"Mortality rate, adult, female (per 1,000 female adults)",SP.DYN.AMRT.FE,Other small states,OSS,176.4043789,,,,,,,,
"Mortality rate, adult, female (per 1,000 female adults)",SP.DYN.AMRT.FE,Pacific island small states,PSS,158.0193127,,,,,,,,
"Mortality rate, adult, female (per 1,000 female adults)",SP.DYN.AMRT.FE,Pakistan,PAK,137.988,,,,,,,,
"Mortality rate, adult, female (per 1,000 female adults)",SP.DYN.AMRT.FE,Palau,PLW,..,,,,,,,,
"Mortality rate, adult, female (per 1,000 female adults)",SP.DYN.AMRT.FE,Panama,PAN,79.382,,,,,,,,
"Mortality rate, adult, female (per 1,000 female adults)",SP.DYN.AMRT.FE,Papua New Guinea,PNG,174.436,,,,,,,,
"Mortality rate, adult, female (per 1,000 female adults)",SP.DYN.AMRT.FE,Paraguay,PRY,109.876,,,,,,,,
"Mortality rate, adult, female (per 1,000 female adults)",SP.DYN.AMRT.FE,Peru,PER,85.212,,,,,,,,
"Mortality rate, adult, female (per 1,000 female adults)",SP.DYN.AMRT.FE,Philippines,PHL,111.252,,,,,,,,
"Mortality rate, adult, female (per 1,000 female adults)",SP.DYN.AMRT.FE,Poland,POL,59.826,,,,,,,,
"Mortality rate, adult, female (per 1,000 female adults)",SP.DYN.AMRT.FE,Portugal,PRT,43.794,,,,,,,,
"Mortality rate, adult, female (per 1,000 female adults)",SP.DYN.AMRT.FE,Post-demographic dividend,PST,53.9787287,,,,,,,,
"Mortality rate, adult, female (per 1,000 female adults)",SP.DYN.AMRT.FE,Pre-demographic dividend,PRE,251.0009816,,,,,,,,
"Mortality rate, adult, female (per 1,000 female adults)",SP.DYN.AMRT.FE,Puerto Rico,PRI,51.446,,,,,,,,
"Mortality rate, adult, female (per 1,000 female adults)",SP.DYN.AMRT.FE,Qatar,QAT,37.437,,,,,,,,
"Mortality rate, adult, female (per 1,000 female adults)",SP.DYN.AMRT.FE,Romania,ROU,58.683,,,,,,,,
"Mortality rate, adult, female (per 1,000 female adults)",SP.DYN.AMRT.FE,Russian Federation,RUS,..,,,,,,,,
"Mortality rate, adult, female (per 1,000 female adults)",SP.DYN.AMRT.FE,Rwanda,RWA,192.821,,,,,,,,
"Mortality rate, adult, female (per 1,000 female adults)",SP.DYN.AMRT.FE,Samoa,WSM,114.303,,,,,,,,
"Mortality rate, adult, female (per 1,000 female adults)",SP.DYN.AMRT.FE,San Marino,SMR,..,,,,,,,,
"Mortality rate, adult, female (per 1,000 female adults)",SP.DYN.AMRT.FE,Sao Tome and Principe,STP,179.669,,,,,,,,
"Mortality rate, adult, female (per 1,000 female adults)",SP.DYN.AMRT.FE,Saudi Arabia,SAU,81.363,,,,,,,,
"Mortality rate, adult, female (per 1,000 female adults)",SP.DYN.AMRT.FE,Senegal,SEN,131.095,,,,,,,,
"Mortality rate, adult, female (per 1,000 female adults)",SP.DYN.AMRT.FE,Serbia,SRB,59.495,,,,,,,,
"Mortality rate, adult, female (per 1,000 female adults)",SP.DYN.AMRT.FE,Seychelles,SYC,79.568,,,,,,,,
"Mortality rate, adult, female (per 1,000 female adults)",SP.DYN.AMRT.FE,Sierra Leone,SLE,217.502,,,,,,,,
"Mortality rate, adult, female (per 1,000 female adults)",SP.DYN.AMRT.FE,Singapore,SGP,31.748,,,,,,,,
"Mortality rate, adult, female (per 1,000 female adults)",SP.DYN.AMRT.FE,Sint Maarten (Dutch part),SXM,66.861,,,,,,,,
"Mortality rate, adult, female (per 1,000 female adults)",SP.DYN.AMRT.FE,Slovak Republic,SVK,61.629,,,,,,,,
"Mortality rate, adult, female (per 1,000 female adults)",SP.DYN.AMRT.FE,Slovenia,SVN,38.484,,,,,,,,
"Mortality rate, adult, female (per 1,000 female adults)",SP.DYN.AMRT.FE,Small states,SST,164.7019626,,,,,,,,
"Mortality rate, adult, female (per 1,000 female adults)",SP.DYN.AMRT.FE,Solomon Islands,SLB,145.548,,,,,,,,
"Mortality rate, adult, female (per 1,000 female adults)",SP.DYN.AMRT.FE,Somalia,SOM,252.985,,,,,,,,
"Mortality rate, adult, female (per 1,000 female adults)",SP.DYN.AMRT.FE,South Africa,ZAF,236.101,,,,,,,,
"Mortality rate, adult, female (per 1,000 female adults)",SP.DYN.AMRT.FE,South Asia,SAS,135.2160467,,,,,,,,
"Mortality rate, adult, female (per 1,000 female adults)",SP.DYN.AMRT.FE,South Asia (IDA & IBRD),TSA,135.2160467,,,,,,,,
"Mortality rate, adult, female (per 1,000 female adults)",SP.DYN.AMRT.FE,South Sudan,SSD,303.281,,,,,,,,
"Mortality rate, adult, female (per 1,000 female adults)",SP.DYN.AMRT.FE,Spain,ESP,35.743,,,,,,,,
"Mortality rate, adult, female (per 1,000 female adults)",SP.DYN.AMRT.FE,Sri Lanka,LKA,68.496,,,,,,,,
"Mortality rate, adult, female (per 1,000 female adults)",SP.DYN.AMRT.FE,St. Kitts and Nevis,KNA,110.994,,,,,,,,
"Mortality rate, adult, female (per 1,000 female adults)",SP.DYN.AMRT.FE,St. Lucia,LCA,85.92,,,,,,,,
"Mortality rate, adult, female (per 1,000 female adults)",SP.DYN.AMRT.FE,St. Martin (French part),MAF,39.933,,,,,,,,
"Mortality rate, adult, female (per 1,000 female adults)",SP.DYN.AMRT.FE,St. Vincent and the Grenadines,VCT,125.611,,,,,,,,
"Mortality rate, adult, female (per 1,000 female adults)",SP.DYN.AMRT.FE,Sub-Saharan Africa,SSF,247.6101013,,,,,,,,
"Mortality rate, adult, female (per 1,000 female adults)",SP.DYN.AMRT.FE,Sub-Saharan Africa (excluding high income),SSA,247.6269829,,,,,,,,
"Mortality rate, adult, female (per 1,000 female adults)",SP.DYN.AMRT.FE,Sub-Saharan Africa (IDA & IBRD countries),TSS,247.6101013,,,,,,,,
"Mortality rate, adult, female (per 1,000 female adults)",SP.DYN.AMRT.FE,Sudan,SDN,168.399,,,,,,,,
"Mortality rate, adult, female (per 1,000 female adults)",SP.DYN.AMRT.FE,Suriname,SUR,135.119,,,,,,,,
"Mortality rate, adult, female (per 1,000 female adults)",SP.DYN.AMRT.FE,Sweden,SWE,37.733,,,,,,,,
"Mortality rate, adult, female (per 1,000 female adults)",SP.DYN.AMRT.FE,Switzerland,CHE,32.207,,,,,,,,
"Mortality rate, adult, female (per 1,000 female adults)",SP.DYN.AMRT.FE,Syrian Arab Republic,SYR,93.914,,,,,,,,
"Mortality rate, adult, female (per 1,000 female adults)",SP.DYN.AMRT.FE,Tajikistan,TJK,115.719,,,,,,,,
"Mortality rate, adult, female (per 1,000 female adults)",SP.DYN.AMRT.FE,Tanzania,TZA,183.017,,,,,,,,
"Mortality rate, adult, female (per 1,000 female adults)",SP.DYN.AMRT.FE,Thailand,THA,72.547,,,,,,,,
"Mortality rate, adult, female (per 1,000 female adults)",SP.DYN.AMRT.FE,Timor-Leste,TLS,152.451,,,,,,,,
"Mortality rate, adult, female (per 1,000 female adults)",SP.DYN.AMRT.FE,Togo,TGO,255.959,,,,,,,,
"Mortality rate, adult, female (per 1,000 female adults)",SP.DYN.AMRT.FE,Tonga,TON,156.813,,,,,,,,
"Mortality rate, adult, female (per 1,000 female adults)",SP.DYN.AMRT.FE,Trinidad and Tobago,TTO,111.051,,,,,,,,
"Mortality rate, adult, female (per 1,000 female adults)",SP.DYN.AMRT.FE,Tunisia,TUN,62.062,,,,,,,,
"Mortality rate, adult, female (per 1,000 female adults)",SP.DYN.AMRT.FE,Turkiye,TUR,48.281,,,,,,,,
"Mortality rate, adult, female (per 1,000 female adults)",SP.DYN.AMRT.FE,Turkmenistan,TKM,116.362,,,,,,,,
"Mortality rate, adult, female (per 1,000 female adults)",SP.DYN.AMRT.FE,Turks and Caicos Islands,TCA,74.228,,,,,,,,
"Mortality rate, adult, female (per 1,000 female adults)",SP.DYN.AMRT.FE,Tuvalu,TUV,217.301,,,,,,,,
"Mortality rate, adult, female (per 1,000 female adults)",SP.DYN.AMRT.FE,Uganda,UGA,243.695,,,,,,,,
"Mortality rate, adult, female (per 1,000 female adults)",SP.DYN.AMRT.FE,Ukraine,UKR,..,,,,,,,,
"Mortality rate, adult, female (per 1,000 female adults)",SP.DYN.AMRT.FE,United Arab Emirates,ARE,44.261,,,,,,,,
"Mortality rate, adult, female (per 1,000 female adults)",SP.DYN.AMRT.FE,United Kingdom,GBR,53.724,,,,,,,,
"Mortality rate, adult, female (per 1,000 female adults)",SP.DYN.AMRT.FE,United States,USA,79.455,,,,,,,,
"Mortality rate, adult, female (per 1,000 female adults)",SP.DYN.AMRT.FE,Upper middle income,UMC,78.01544903,,,,,,,,
"Mortality rate, adult, female (per 1,000 female adults)",SP.DYN.AMRT.FE,Uruguay,URY,76.977,,,,,,,,
"Mortality rate, adult, female (per 1,000 female adults)",SP.DYN.AMRT.FE,Uzbekistan,UZB,116.272,,,,,,,,
"Mortality rate, adult, female (per 1,000 female adults)",SP.DYN.AMRT.FE,Vanuatu,VUT,140.158,,,,,,,,
"Mortality rate, adult, female (per 1,000 female adults)",SP.DYN.AMRT.FE,"Venezuela, RB",VEN,97.599,,,,,,,,
"Mortality rate, adult, female (per 1,000 female adults)",SP.DYN.AMRT.FE,Viet Nam,VNM,76.268,,,,,,,,
"Mortality rate, adult, female (per 1,000 female adults)",SP.DYN.AMRT.FE,Virgin Islands (U.S.),VIR,54.06,,,,,,,,
"Mortality rate, adult, female (per 1,000 female adults)",SP.DYN.AMRT.FE,West Bank and Gaza,PSE,77.946,,,,,,,,
"Mortality rate, adult, female (per 1,000 female adults)",SP.DYN.AMRT.FE,"Yemen, Rep.",YEM,153.203,,,,,,,,
"Mortality rate, adult, female (per 1,000 female adults)",SP.DYN.AMRT.FE,Zambia,ZMB,219.249,,,,,,,,
"Mortality rate, adult, female (per 1,000 female adults)",SP.DYN.AMRT.FE,Zimbabwe,ZWE,302.949,,,,,,,,
"Mortality rate, adult, male (per 1,000 male adults)",SP.DYN.AMRT.MA,World,WLD,170.2912316,,,,,,,,
"Mortality rate, adult, male (per 1,000 male adults)",SP.DYN.AMRT.MA,Afghanistan,AFG,305.768,,,,,,,,
"Mortality rate, adult, male (per 1,000 male adults)",SP.DYN.AMRT.MA,Africa Eastern and Southern,AFE,302.7723698,,,,,,,,
"Mortality rate, adult, male (per 1,000 male adults)",SP.DYN.AMRT.MA,Africa Western and Central,AFW,326.6355756,,,,,,,,
"Mortality rate, adult, male (per 1,000 male adults)",SP.DYN.AMRT.MA,Albania,ALB,74.029,,,,,,,,
"Mortality rate, adult, male (per 1,000 male adults)",SP.DYN.AMRT.MA,Algeria,DZA,95.854,,,,,,,,
"Mortality rate, adult, male (per 1,000 male adults)",SP.DYN.AMRT.MA,American Samoa,ASM,..,,,,,,,,
"Mortality rate, adult, male (per 1,000 male adults)",SP.DYN.AMRT.MA,Andorra,AND,..,,,,,,,,
"Mortality rate, adult, male (per 1,000 male adults)",SP.DYN.AMRT.MA,Angola,AGO,305.594,,,,,,,,
"Mortality rate, adult, male (per 1,000 male adults)",SP.DYN.AMRT.MA,Antigua and Barbuda,ATG,106.9,,,,,,,,
"Mortality rate, adult, male (per 1,000 male adults)",SP.DYN.AMRT.MA,Arab World,ARB,160.3690046,,,,,,,,
"Mortality rate, adult, male (per 1,000 male adults)",SP.DYN.AMRT.MA,Argentina,ARG,136.151,,,,,,,,
"Mortality rate, adult, male (per 1,000 male adults)",SP.DYN.AMRT.MA,Armenia,ARM,176.089,,,,,,,,
"Mortality rate, adult, male (per 1,000 male adults)",SP.DYN.AMRT.MA,Aruba,ABW,124.312,,,,,,,,
"Mortality rate, adult, male (per 1,000 male adults)",SP.DYN.AMRT.MA,Australia,AUS,75.193,,,,,,,,
"Mortality rate, adult, male (per 1,000 male adults)",SP.DYN.AMRT.MA,Austria,AUT,75.489,,,,,,,,
"Mortality rate, adult, male (per 1,000 male adults)",SP.DYN.AMRT.MA,Azerbaijan,AZE,168.65,,,,,,,,
"Mortality rate, adult, male (per 1,000 male adults)",SP.DYN.AMRT.MA,"Bahamas, The",BHS,234.53,,,,,,,,
"Mortality rate, adult, male (per 1,000 male adults)",SP.DYN.AMRT.MA,Bahrain,BHR,58.199,,,,,,,,
"Mortality rate, adult, male (per 1,000 male adults)",SP.DYN.AMRT.MA,Bangladesh,BGD,153.103,,,,,,,,
"Mortality rate, adult, male (per 1,000 male adults)",SP.DYN.AMRT.MA,Barbados,BRB,126.348,,,,,,,,
"Mortality rate, adult, male (per 1,000 male adults)",SP.DYN.AMRT.MA,Belarus,BLR,..,,,,,,,,
"Mortality rate, adult, male (per 1,000 male adults)",SP.DYN.AMRT.MA,Belgium,BEL,77.72,,,,,,,,
"Mortality rate, adult, male (per 1,000 male adults)",SP.DYN.AMRT.MA,Belize,BLZ,194.636,,,,,,,,
"Mortality rate, adult, male (per 1,000 male adults)",SP.DYN.AMRT.MA,Benin,BEN,282.721,,,,,,,,
"Mortality rate, adult, male (per 1,000 male adults)",SP.DYN.AMRT.MA,Bermuda,BMU,98.475,,,,,,,,
"Mortality rate, adult, male (per 1,000 male adults)",SP.DYN.AMRT.MA,Bhutan,BTN,158.172,,,,,,,,
"Mortality rate, adult, male (per 1,000 male adults)",SP.DYN.AMRT.MA,Bolivia,BOL,231.108,,,,,,,,
"Mortality rate, adult, male (per 1,000 male adults)",SP.DYN.AMRT.MA,Bosnia and Herzegovina,BIH,88.494,,,,,,,,
"Mortality rate, adult, male (per 1,000 male adults)",SP.DYN.AMRT.MA,Botswana,BWA,302.053,,,,,,,,
"Mortality rate, adult, male (per 1,000 male adults)",SP.DYN.AMRT.MA,Brazil,BRA,161.413,,,,,,,,
"Mortality rate, adult, male (per 1,000 male adults)",SP.DYN.AMRT.MA,British Virgin Islands,VGB,113.112,,,,,,,,
"Mortality rate, adult, male (per 1,000 male adults)",SP.DYN.AMRT.MA,Brunei Darussalam,BRN,142.554,,,,,,,,
"Mortality rate, adult, male (per 1,000 male adults)",SP.DYN.AMRT.MA,Bulgaria,BGR,182.115,,,,,,,,
"Mortality rate, adult, male (per 1,000 male adults)",SP.DYN.AMRT.MA,Burkina Faso,BFA,299.581,,,,,,,,
"Mortality rate, adult, male (per 1,000 male adults)",SP.DYN.AMRT.MA,Burundi,BDI,298.476,,,,,,,,
"Mortality rate, adult, male (per 1,000 male adults)",SP.DYN.AMRT.MA,Cabo Verde,CPV,179.193,,,,,,,,
"Mortality rate, adult, male (per 1,000 male adults)",SP.DYN.AMRT.MA,Cambodia,KHM,197.16,,,,,,,,
"Mortality rate, adult, male (per 1,000 male adults)",SP.DYN.AMRT.MA,Cameroon,CMR,305.191,,,,,,,,
"Mortality rate, adult, male (per 1,000 male adults)",SP.DYN.AMRT.MA,Canada,CAN,82.604,,,,,,,,
"Mortality rate, adult, male (per 1,000 male adults)",SP.DYN.AMRT.MA,Caribbean small states,CSS,204.2666238,,,,,,,,
"Mortality rate, adult, male (per 1,000 male adults)",SP.DYN.AMRT.MA,Cayman Islands,CYM,..,,,,,,,,
"Mortality rate, adult, male (per 1,000 male adults)",SP.DYN.AMRT.MA,Central African Republic,CAF,431.28,,,,,,,,
"Mortality rate, adult, male (per 1,000 male adults)",SP.DYN.AMRT.MA,Central Europe and the Baltics,CEB,150.4613422,,,,,,,,
"Mortality rate, adult, male (per 1,000 male adults)",SP.DYN.AMRT.MA,Chad,TCD,393.335,,,,,,,,
"Mortality rate, adult, male (per 1,000 male adults)",SP.DYN.AMRT.MA,Channel Islands,CHI,60.298,,,,,,,,
"Mortality rate, adult, male (per 1,000 male adults)",SP.DYN.AMRT.MA,Chile,CHL,105.851,,,,,,,,
"Mortality rate, adult, male (per 1,000 male adults)",SP.DYN.AMRT.MA,China,CHN,110.228,,,,,,,,
"Mortality rate, adult, male (per 1,000 male adults)",SP.DYN.AMRT.MA,Colombia,COL,142.284,,,,,,,,
"Mortality rate, adult, male (per 1,000 male adults)",SP.DYN.AMRT.MA,Comoros,COM,262.808,,,,,,,,
"Mortality rate, adult, male (per 1,000 male adults)",SP.DYN.AMRT.MA,"Congo, Dem. Rep.",COD,301.147,,,,,,,,
"Mortality rate, adult, male (per 1,000 male adults)",SP.DYN.AMRT.MA,"Congo, Rep.",COG,315.626,,,,,,,,
"Mortality rate, adult, male (per 1,000 male adults)",SP.DYN.AMRT.MA,Costa Rica,CRI,103.413,,,,,,,,
"Mortality rate, adult, male (per 1,000 male adults)",SP.DYN.AMRT.MA,Cote d'Ivoire,CIV,343.882,,,,,,,,
"Mortality rate, adult, male (per 1,000 male adults)",SP.DYN.AMRT.MA,Croatia,HRV,99.528,,,,,,,,
"Mortality rate, adult, male (per 1,000 male adults)",SP.DYN.AMRT.MA,Cuba,CUB,130.627,,,,,,,,
"Mortality rate, adult, male (per 1,000 male adults)",SP.DYN.AMRT.MA,Curacao,CUW,140.861,,,,,,,,
"Mortality rate, adult, male (per 1,000 male adults)",SP.DYN.AMRT.MA,Cyprus,CYP,67.953,,,,,,,,
"Mortality rate, adult, male (per 1,000 male adults)",SP.DYN.AMRT.MA,Czechia,CZE,107.105,,,,,,,,
"Mortality rate, adult, male (per 1,000 male adults)",SP.DYN.AMRT.MA,Denmark,DNK,73.629,,,,,,,,
"Mortality rate, adult, male (per 1,000 male adults)",SP.DYN.AMRT.MA,Djibouti,DJI,289.928,,,,,,,,
"Mortality rate, adult, male (per 1,000 male adults)",SP.DYN.AMRT.MA,Dominica,DMA,169.992,,,,,,,,
"Mortality rate, adult, male (per 1,000 male adults)",SP.DYN.AMRT.MA,Dominican Republic,DOM,186.726,,,,,,,,
"Mortality rate, adult, male (per 1,000 male adults)",SP.DYN.AMRT.MA,Early-demographic dividend,EAR,191.8607939,,,,,,,,
"Mortality rate, adult, male (per 1,000 male adults)",SP.DYN.AMRT.MA,East Asia & Pacific,EAS,129.0069913,,,,,,,,
"Mortality rate, adult, male (per 1,000 male adults)",SP.DYN.AMRT.MA,East Asia & Pacific (excluding high income),EAP,135.3859859,,,,,,,,
"Mortality rate, adult, male (per 1,000 male adults)",SP.DYN.AMRT.MA,East Asia & Pacific (IDA & IBRD countries),TEA,134.8238807,,,,,,,,
"Mortality rate, adult, male (per 1,000 male adults)",SP.DYN.AMRT.MA,Ecuador,ECU,141.688,,,,,,,,
"Mortality rate, adult, male (per 1,000 male adults)",SP.DYN.AMRT.MA,"Egypt, Arab Rep.",EGY,182.015,,,,,,,,
"Mortality rate, adult, male (per 1,000 male adults)",SP.DYN.AMRT.MA,El Salvador,SLV,270.557,,,,,,,,
"Mortality rate, adult, male (per 1,000 male adults)",SP.DYN.AMRT.MA,Equatorial Guinea,GNQ,291.035,,,,,,,,
"Mortality rate, adult, male (per 1,000 male adults)",SP.DYN.AMRT.MA,Eritrea,ERI,231.268,,,,,,,,
"Mortality rate, adult, male (per 1,000 male adults)",SP.DYN.AMRT.MA,Estonia,EST,147.038,,,,,,,,
"Mortality rate, adult, male (per 1,000 male adults)",SP.DYN.AMRT.MA,Eswatini,SWZ,464.463,,,,,,,,
"Mortality rate, adult, male (per 1,000 male adults)",SP.DYN.AMRT.MA,Ethiopia,ETH,255.844,,,,,,,,
"Mortality rate, adult, male (per 1,000 male adults)",SP.DYN.AMRT.MA,Euro area,EMU,80.88655048,,,,,,,,
"Mortality rate, adult, male (per 1,000 male adults)",SP.DYN.AMRT.MA,Europe & Central Asia,ECS,109.4872857,,,,,,,,
"Mortality rate, adult, male (per 1,000 male adults)",SP.DYN.AMRT.MA,Europe & Central Asia (excluding high income),ECA,..,,,,,,,,
"Mortality rate, adult, male (per 1,000 male adults)",SP.DYN.AMRT.MA,Europe & Central Asia (IDA & IBRD countries),TEC,..,,,,,,,,
"Mortality rate, adult, male (per 1,000 male adults)",SP.DYN.AMRT.MA,European Union,EUU,94.30810776,,,,,,,,
"Mortality rate, adult, male (per 1,000 male adults)",SP.DYN.AMRT.MA,Faroe Islands,FRO,..,,,,,,,,
"Mortality rate, adult, male (per 1,000 male adults)",SP.DYN.AMRT.MA,Fiji,FJI,238.493,,,,,,,,
"Mortality rate, adult, male (per 1,000 male adults)",SP.DYN.AMRT.MA,Finland,FIN,87.823,,,,,,,,
"Mortality rate, adult, male (per 1,000 male adults)",SP.DYN.AMRT.MA,Fragile and conflict affected situations,FCS,291.9772385,,,,,,,,
"Mortality rate, adult, male (per 1,000 male adults)",SP.DYN.AMRT.MA,France,FRA,91.761,,,,,,,,
"Mortality rate, adult, male (per 1,000 male adults)",SP.DYN.AMRT.MA,French Polynesia,PYF,50.441,,,,,,,,
"Mortality rate, adult, male (per 1,000 male adults)",SP.DYN.AMRT.MA,Gabon,GAB,269.162,,,,,,,,
"Mortality rate, adult, male (per 1,000 male adults)",SP.DYN.AMRT.MA,"Gambia, The",GMB,269.133,,,,,,,,
"Mortality rate, adult, male (per 1,000 male adults)",SP.DYN.AMRT.MA,Georgia,GEO,221.687,,,,,,,,
"Mortality rate, adult, male (per 1,000 male adults)",SP.DYN.AMRT.MA,Germany,DEU,83.621,,,,,,,,
"Mortality rate, adult, male (per 1,000 male adults)",SP.DYN.AMRT.MA,Ghana,GHA,268.562,,,,,,,,
"Mortality rate, adult, male (per 1,000 male adults)",SP.DYN.AMRT.MA,Gibraltar,GIB,69.591,,,,,,,,
"Mortality rate, adult, male (per 1,000 male adults)",SP.DYN.AMRT.MA,Greece,GRC,86.395,,,,,,,,
"Mortality rate, adult, male (per 1,000 male adults)",SP.DYN.AMRT.MA,Greenland,GRL,198.185,,,,,,,,
"Mortality rate, adult, male (per 1,000 male adults)",SP.DYN.AMRT.MA,Grenada,GRD,157.885,,,,,,,,
"Mortality rate, adult, male (per 1,000 male adults)",SP.DYN.AMRT.MA,Guam,GUM,174.733,,,,,,,,
"Mortality rate, adult, male (per 1,000 male adults)",SP.DYN.AMRT.MA,Guatemala,GTM,210.311,,,,,,,,
"Mortality rate, adult, male (per 1,000 male adults)",SP.DYN.AMRT.MA,Guinea,GIN,280.338,,,,,,,,
"Mortality rate, adult, male (per 1,000 male adults)",SP.DYN.AMRT.MA,Guinea-Bissau,GNB,324.474,,,,,,,,
"Mortality rate, adult, male (per 1,000 male adults)",SP.DYN.AMRT.MA,Guyana,GUY,275.732,,,,,,,,
"Mortality rate, adult, male (per 1,000 male adults)",SP.DYN.AMRT.MA,Haiti,HTI,279.393,,,,,,,,
"Mortality rate, adult, male (per 1,000 male adults)",SP.DYN.AMRT.MA,Heavily indebted poor countries (HIPC),HPC,282.7558779,,,,,,,,
"Mortality rate, adult, male (per 1,000 male adults)",SP.DYN.AMRT.MA,High income,HIC,99.35062777,,,,,,,,
"Mortality rate, adult, male (per 1,000 male adults)",SP.DYN.AMRT.MA,Honduras,HND,167.375,,,,,,,,
"Mortality rate, adult, male (per 1,000 male adults)",SP.DYN.AMRT.MA,"Hong Kong SAR, China",HKG,54.412,,,,,,,,
"Mortality rate, adult, male (per 1,000 male adults)",SP.DYN.AMRT.MA,Hungary,HUN,159.172,,,,,,,,
"Mortality rate, adult, male (per 1,000 male adults)",SP.DYN.AMRT.MA,IBRD only,IBD,..,,,,,,,,
"Mortality rate, adult, male (per 1,000 male adults)",SP.DYN.AMRT.MA,Iceland,ISL,64.223,,,,,,,,
"Mortality rate, adult, male (per 1,000 male adults)",SP.DYN.AMRT.MA,IDA & IBRD total,IBT,183.8890526,,,,,,,,
"Mortality rate, adult, male (per 1,000 male adults)",SP.DYN.AMRT.MA,IDA blend,IDB,..,,,,,,,,
"Mortality rate, adult, male (per 1,000 male adults)",SP.DYN.AMRT.MA,IDA only,IDX,..,,,,,,,,
"Mortality rate, adult, male (per 1,000 male adults)",SP.DYN.AMRT.MA,IDA total,IDA,..,,,,,,,,
"Mortality rate, adult, male (per 1,000 male adults)",SP.DYN.AMRT.MA,India,IND,193.514,,,,,,,,
"Mortality rate, adult, male (per 1,000 male adults)",SP.DYN.AMRT.MA,Indonesia,IDN,192.873,,,,,,,,
"Mortality rate, adult, male (per 1,000 male adults)",SP.DYN.AMRT.MA,"Iran, Islamic Rep.",IRN,127.359,,,,,,,,
"Mortality rate, adult, male (per 1,000 male adults)",SP.DYN.AMRT.MA,Iraq,IRQ,166.628,,,,,,,,
"Mortality rate, adult, male (per 1,000 male adults)",SP.DYN.AMRT.MA,Ireland,IRL,71.605,,,,,,,,
"Mortality rate, adult, male (per 1,000 male adults)",SP.DYN.AMRT.MA,Isle of Man,IMN,80.347,,,,,,,,
"Mortality rate, adult, male (per 1,000 male adults)",SP.DYN.AMRT.MA,Israel,ISR,..,,,,,,,,
"Mortality rate, adult, male (per 1,000 male adults)",SP.DYN.AMRT.MA,Italy,ITA,61.477,,,,,,,,
"Mortality rate, adult, male (per 1,000 male adults)",SP.DYN.AMRT.MA,Jamaica,JAM,197.133,,,,,,,,
"Mortality rate, adult, male (per 1,000 male adults)",SP.DYN.AMRT.MA,Japan,JPN,64.375,,,,,,,,
"Mortality rate, adult, male (per 1,000 male adults)",SP.DYN.AMRT.MA,Jordan,JOR,108.406,,,,,,,,
"Mortality rate, adult, male (per 1,000 male adults)",SP.DYN.AMRT.MA,Kazakhstan,KAZ,246.621,,,,,,,,
"Mortality rate, adult, male (per 1,000 male adults)",SP.DYN.AMRT.MA,Kenya,KEN,381.951,,,,,,,,
"Mortality rate, adult, male (per 1,000 male adults)",SP.DYN.AMRT.MA,Kiribati,KIR,213.431,,,,,,,,
"Mortality rate, adult, male (per 1,000 male adults)",SP.DYN.AMRT.MA,"Korea, Dem. People's Rep.",PRK,180.725,,,,,,,,
"Mortality rate, adult, male (per 1,000 male adults)",SP.DYN.AMRT.MA,"Korea, Rep.",KOR,57.021,,,,,,,,
"Mortality rate, adult, male (per 1,000 male adults)",SP.DYN.AMRT.MA,Kosovo,XKX,91.812,,,,,,,,
"Mortality rate, adult, male (per 1,000 male adults)",SP.DYN.AMRT.MA,Kuwait,KWT,59.479,,,,,,,,
"Mortality rate, adult, male (per 1,000 male adults)",SP.DYN.AMRT.MA,Kyrgyz Republic,KGZ,245.786,,,,,,,,
"Mortality rate, adult, male (per 1,000 male adults)",SP.DYN.AMRT.MA,Lao PDR,LAO,202.966,,,,,,,,
"Mortality rate, adult, male (per 1,000 male adults)",SP.DYN.AMRT.MA,Late-demographic dividend,LTE,126.5272845,,,,,,,,
"Mortality rate, adult, male (per 1,000 male adults)",SP.DYN.AMRT.MA,Latin America & Caribbean,LCN,171.612664,,,,,,,,
"Mortality rate, adult, male (per 1,000 male adults)",SP.DYN.AMRT.MA,Latin America & Caribbean (excluding high income),LAC,171.2606098,,,,,,,,
"Mortality rate, adult, male (per 1,000 male adults)",SP.DYN.AMRT.MA,Latin America & the Caribbean (IDA & IBRD countries),TLA,172.5040081,,,,,,,,
"Mortality rate, adult, male (per 1,000 male adults)",SP.DYN.AMRT.MA,Latvia,LVA,210.61,,,,,,,,
"Mortality rate, adult, male (per 1,000 male adults)",SP.DYN.AMRT.MA,Least developed countries: UN classification,LDC,254.8619673,,,,,,,,
"Mortality rate, adult, male (per 1,000 male adults)",SP.DYN.AMRT.MA,Lebanon,LBN,77.491,,,,,,,,
"Mortality rate, adult, male (per 1,000 male adults)",SP.DYN.AMRT.MA,Lesotho,LSO,516.418,,,,,,,,
"Mortality rate, adult, male (per 1,000 male adults)",SP.DYN.AMRT.MA,Liberia,LBR,295.617,,,,,,,,
"Mortality rate, adult, male (per 1,000 male adults)",SP.DYN.AMRT.MA,Libya,LBY,203.905,,,,,,,,
"Mortality rate, adult, male (per 1,000 male adults)",SP.DYN.AMRT.MA,Liechtenstein,LIE,..,,,,,,,,
"Mortality rate, adult, male (per 1,000 male adults)",SP.DYN.AMRT.MA,Lithuania,LTU,200.925,,,,,,,,
"Mortality rate, adult, male (per 1,000 male adults)",SP.DYN.AMRT.MA,Low & middle income,LMY,184.1130428,,,,,,,,
"Mortality rate, adult, male (per 1,000 male adults)",SP.DYN.AMRT.MA,Low income,LIC,281.9970035,,,,,,,,
"Mortality rate, adult, male (per 1,000 male adults)",SP.DYN.AMRT.MA,Lower middle income,LMC,206.441959,,,,,,,,
"Mortality rate, adult, male (per 1,000 male adults)",SP.DYN.AMRT.MA,Luxembourg,LUX,66.112,,,,,,,,
"Mortality rate, adult, male (per 1,000 male adults)",SP.DYN.AMRT.MA,"Macao SAR, China",MAC,49.986,,,,,,,,
"Mortality rate, adult, male (per 1,000 male adults)",SP.DYN.AMRT.MA,Madagascar,MDG,245.413,,,,,,,,
"Mortality rate, adult, male (per 1,000 male adults)",SP.DYN.AMRT.MA,Malawi,MWI,378.171,,,,,,,,
"Mortality rate, adult, male (per 1,000 male adults)",SP.DYN.AMRT.MA,Malaysia,MYS,147.706,,,,,,,,
"Mortality rate, adult, male (per 1,000 male adults)",SP.DYN.AMRT.MA,Maldives,MDV,56.172,,,,,,,,
"Mortality rate, adult, male (per 1,000 male adults)",SP.DYN.AMRT.MA,Mali,MLI,284.075,,,,,,,,
"Mortality rate, adult, male (per 1,000 male adults)",SP.DYN.AMRT.MA,Malta,MLT,49.162,,,,,,,,
"Mortality rate, adult, male (per 1,000 male adults)",SP.DYN.AMRT.MA,Marshall Islands,MHL,296.549,,,,,,,,
"Mortality rate, adult, male (per 1,000 male adults)",SP.DYN.AMRT.MA,Mauritania,MRT,215.025,,,,,,,,
"Mortality rate, adult, male (per 1,000 male adults)",SP.DYN.AMRT.MA,Mauritius,MUS,170.933,,,,,,,,
"Mortality rate, adult, male (per 1,000 male adults)",SP.DYN.AMRT.MA,Mexico,MEX,205.773,,,,,,,,
"Mortality rate, adult, male (per 1,000 male adults)",SP.DYN.AMRT.MA,"Micronesia, Fed. Sts.",FSM,207.412,,,,,,,,
"Mortality rate, adult, male (per 1,000 male adults)",SP.DYN.AMRT.MA,Middle East & North Africa,MEA,143.1502967,,,,,,,,
"Mortality rate, adult, male (per 1,000 male adults)",SP.DYN.AMRT.MA,Middle East & North Africa (excluding high income),MNA,156.0849675,,,,,,,,
"Mortality rate, adult, male (per 1,000 male adults)",SP.DYN.AMRT.MA,Middle East & North Africa (IDA & IBRD countries),TMN,156.4759786,,,,,,,,
"Mortality rate, adult, male (per 1,000 male adults)",SP.DYN.AMRT.MA,Middle income,MIC,175.0235718,,,,,,,,
"Mortality rate, adult, male (per 1,000 male adults)",SP.DYN.AMRT.MA,Moldova,MDA,261.404,,,,,,,,
"Mortality rate, adult, male (per 1,000 male adults)",SP.DYN.AMRT.MA,Monaco,MCO,..,,,,,,,,
"Mortality rate, adult, male (per 1,000 male adults)",SP.DYN.AMRT.MA,Mongolia,MNG,254.99,,,,,,,,
"Mortality rate, adult, male (per 1,000 male adults)",SP.DYN.AMRT.MA,Montenegro,MNE,127.235,,,,,,,,
"Mortality rate, adult, male (per 1,000 male adults)",SP.DYN.AMRT.MA,Morocco,MAR,127.668,,,,,,,,
"Mortality rate, adult, male (per 1,000 male adults)",SP.DYN.AMRT.MA,Mozambique,MOZ,347.809,,,,,,,,
"Mortality rate, adult, male (per 1,000 male adults)",SP.DYN.AMRT.MA,Myanmar,MMR,257.395,,,,,,,,
"Mortality rate, adult, male (per 1,000 male adults)",SP.DYN.AMRT.MA,Namibia,NAM,409.246,,,,,,,,
"Mortality rate, adult, male (per 1,000 male adults)",SP.DYN.AMRT.MA,Nauru,NRU,403.608,,,,,,,,
"Mortality rate, adult, male (per 1,000 male adults)",SP.DYN.AMRT.MA,Nepal,NPL,197.129,,,,,,,,
"Mortality rate, adult, male (per 1,000 male adults)",SP.DYN.AMRT.MA,Netherlands,NLD,62.374,,,,,,,,
"Mortality rate, adult, male (per 1,000 male adults)",SP.DYN.AMRT.MA,New Caledonia,NCL,114.552,,,,,,,,
"Mortality rate, adult, male (per 1,000 male adults)",SP.DYN.AMRT.MA,New Zealand,NZL,82.524,,,,,,,,
"Mortality rate, adult, male (per 1,000 male adults)",SP.DYN.AMRT.MA,Nicaragua,NIC,187.874,,,,,,,,
"Mortality rate, adult, male (per 1,000 male adults)",SP.DYN.AMRT.MA,Niger,NER,238.442,,,,,,,,
"Mortality rate, adult, male (per 1,000 male adults)",SP.DYN.AMRT.MA,Nigeria,NGA,370.397,,,,,,,,
"Mortality rate, adult, male (per 1,000 male adults)",SP.DYN.AMRT.MA,North America,NAC,131.1609169,,,,,,,,
"Mortality rate, adult, male (per 1,000 male adults)",SP.DYN.AMRT.MA,North Macedonia,MKD,88.095,,,,,,,,
"Mortality rate, adult, male (per 1,000 male adults)",SP.DYN.AMRT.MA,Northern Mariana Islands,MNP,..,,,,,,,,
"Mortality rate, adult, male (per 1,000 male adults)",SP.DYN.AMRT.MA,Norway,NOR,60.834,,,,,,,,
"Mortality rate, adult, male (per 1,000 male adults)",SP.DYN.AMRT.MA,Not classified,INX,..,,,,,,,,
"Mortality rate, adult, male (per 1,000 male adults)",SP.DYN.AMRT.MA,OECD members,OED,110.9761698,,,,,,,,
"Mortality rate, adult, male (per 1,000 male adults)",SP.DYN.AMRT.MA,Oman,OMN,76.463,,,,,,,,
"Mortality rate, adult, male (per 1,000 male adults)",SP.DYN.AMRT.MA,Other small states,OSS,216.8427946,,,,,,,,
"Mortality rate, adult, male (per 1,000 male adults)",SP.DYN.AMRT.MA,Pacific island small states,PSS,216.2888027,,,,,,,,
"Mortality rate, adult, male (per 1,000 male adults)",SP.DYN.AMRT.MA,Pakistan,PAK,204.448,,,,,,,,
"Mortality rate, adult, male (per 1,000 male adults)",SP.DYN.AMRT.MA,Palau,PLW,..,,,,,,,,
"Mortality rate, adult, male (per 1,000 male adults)",SP.DYN.AMRT.MA,Panama,PAN,152.34,,,,,,,,
"Mortality rate, adult, male (per 1,000 male adults)",SP.DYN.AMRT.MA,Papua New Guinea,PNG,275.502,,,,,,,,
"Mortality rate, adult, male (per 1,000 male adults)",SP.DYN.AMRT.MA,Paraguay,PRY,183.803,,,,,,,,
"Mortality rate, adult, male (per 1,000 male adults)",SP.DYN.AMRT.MA,Peru,PER,138.319,,,,,,,,
"Mortality rate, adult, male (per 1,000 male adults)",SP.DYN.AMRT.MA,Philippines,PHL,156.406,,,,,,,,
"Mortality rate, adult, male (per 1,000 male adults)",SP.DYN.AMRT.MA,Poland,POL,156.201,,,,,,,,
"Mortality rate, adult, male (per 1,000 male adults)",SP.DYN.AMRT.MA,Portugal,PRT,96.307,,,,,,,,
"Mortality rate, adult, male (per 1,000 male adults)",SP.DYN.AMRT.MA,Post-demographic dividend,PST,96.33825936,,,,,,,,
"Mortality rate, adult, male (per 1,000 male adults)",SP.DYN.AMRT.MA,Pre-demographic dividend,PRE,310.4168816,,,,,,,,
"Mortality rate, adult, male (per 1,000 male adults)",SP.DYN.AMRT.MA,Puerto Rico,PRI,146.194,,,,,,,,
"Mortality rate, adult, male (per 1,000 male adults)",SP.DYN.AMRT.MA,Qatar,QAT,46.422,,,,,,,,
"Mortality rate, adult, male (per 1,000 male adults)",SP.DYN.AMRT.MA,Romania,ROU,155.262,,,,,,,,
"Mortality rate, adult, male (per 1,000 male adults)",SP.DYN.AMRT.MA,Russian Federation,RUS,..,,,,,,,,
"Mortality rate, adult, male (per 1,000 male adults)",SP.DYN.AMRT.MA,Rwanda,RWA,272.136,,,,,,,,
"Mortality rate, adult, male (per 1,000 male adults)",SP.DYN.AMRT.MA,Samoa,WSM,178.682,,,,,,,,
"Mortality rate, adult, male (per 1,000 male adults)",SP.DYN.AMRT.MA,San Marino,SMR,..,,,,,,,,
"Mortality rate, adult, male (per 1,000 male adults)",SP.DYN.AMRT.MA,Sao Tome and Principe,STP,273.188,,,,,,,,
"Mortality rate, adult, male (per 1,000 male adults)",SP.DYN.AMRT.MA,Saudi Arabia,SAU,100.896,,,,,,,,
"Mortality rate, adult, male (per 1,000 male adults)",SP.DYN.AMRT.MA,Senegal,SEN,213.154,,,,,,,,
"Mortality rate, adult, male (per 1,000 male adults)",SP.DYN.AMRT.MA,Serbia,SRB,123.579,,,,,,,,
"Mortality rate, adult, male (per 1,000 male adults)",SP.DYN.AMRT.MA,Seychelles,SYC,188.008,,,,,,,,
"Mortality rate, adult, male (per 1,000 male adults)",SP.DYN.AMRT.MA,Sierra Leone,SLE,255.168,,,,,,,,
"Mortality rate, adult, male (per 1,000 male adults)",SP.DYN.AMRT.MA,Singapore,SGP,56.933,,,,,,,,
"Mortality rate, adult, male (per 1,000 male adults)",SP.DYN.AMRT.MA,Sint Maarten (Dutch part),SXM,124.038,,,,,,,,
"Mortality rate, adult, male (per 1,000 male adults)",SP.DYN.AMRT.MA,Slovak Republic,SVK,140.371,,,,,,,,
"Mortality rate, adult, male (per 1,000 male adults)",SP.DYN.AMRT.MA,Slovenia,SVN,87.422,,,,,,,,
"Mortality rate, adult, male (per 1,000 male adults)",SP.DYN.AMRT.MA,Small states,SST,214.5939067,,,,,,,,
"Mortality rate, adult, male (per 1,000 male adults)",SP.DYN.AMRT.MA,Solomon Islands,SLB,185.829,,,,,,,,
"Mortality rate, adult, male (per 1,000 male adults)",SP.DYN.AMRT.MA,Somalia,SOM,325.25,,,,,,,,
"Mortality rate, adult, male (per 1,000 male adults)",SP.DYN.AMRT.MA,South Africa,ZAF,341.836,,,,,,,,
"Mortality rate, adult, male (per 1,000 male adults)",SP.DYN.AMRT.MA,South Asia,SAS,192.5385858,,,,,,,,
"Mortality rate, adult, male (per 1,000 male adults)",SP.DYN.AMRT.MA,South Asia (IDA & IBRD),TSA,192.5385858,,,,,,,,
"Mortality rate, adult, male (per 1,000 male adults)",SP.DYN.AMRT.MA,South Sudan,SSD,360.368,,,,,,,,
"Mortality rate, adult, male (per 1,000 male adults)",SP.DYN.AMRT.MA,Spain,ESP,69.721,,,,,,,,
"Mortality rate, adult, male (per 1,000 male adults)",SP.DYN.AMRT.MA,Sri Lanka,LKA,157.593,,,,,,,,
"Mortality rate, adult, male (per 1,000 male adults)",SP.DYN.AMRT.MA,St. Kitts and Nevis,KNA,234.936,,,,,,,,
"Mortality rate, adult, male (per 1,000 male adults)",SP.DYN.AMRT.MA,St. Lucia,LCA,181.882,,,,,,,,
"Mortality rate, adult, male (per 1,000 male adults)",SP.DYN.AMRT.MA,St. Martin (French part),MAF,78.462,,,,,,,,
"Mortality rate, adult, male (per 1,000 male adults)",SP.DYN.AMRT.MA,St. Vincent and the Grenadines,VCT,196.821,,,,,,,,
"Mortality rate, adult, male (per 1,000 male adults)",SP.DYN.AMRT.MA,Sub-Saharan Africa,SSF,312.3927853,,,,,,,,
"Mortality rate, adult, male (per 1,000 male adults)",SP.DYN.AMRT.MA,Sub-Saharan Africa (excluding high income),SSA,312.4078729,,,,,,,,
"Mortality rate, adult, male (per 1,000 male adults)",SP.DYN.AMRT.MA,Sub-Saharan Africa (IDA & IBRD countries),TSS,312.3927853,,,,,,,,
"Mortality rate, adult, male (per 1,000 male adults)",SP.DYN.AMRT.MA,Sudan,SDN,241.127,,,,,,,,
"Mortality rate, adult, male (per 1,000 male adults)",SP.DYN.AMRT.MA,Suriname,SUR,225.85,,,,,,,,
"Mortality rate, adult, male (per 1,000 male adults)",SP.DYN.AMRT.MA,Sweden,SWE,58.136,,,,,,,,
"Mortality rate, adult, male (per 1,000 male adults)",SP.DYN.AMRT.MA,Switzerland,CHE,54.626,,,,,,,,
"Mortality rate, adult, male (per 1,000 male adults)",SP.DYN.AMRT.MA,Syrian Arab Republic,SYR,204.403,,,,,,,,
"Mortality rate, adult, male (per 1,000 male adults)",SP.DYN.AMRT.MA,Tajikistan,TJK,174.475,,,,,,,,
"Mortality rate, adult, male (per 1,000 male adults)",SP.DYN.AMRT.MA,Tanzania,TZA,240.126,,,,,,,,
"Mortality rate, adult, male (per 1,000 male adults)",SP.DYN.AMRT.MA,Thailand,THA,178.684,,,,,,,,
"Mortality rate, adult, male (per 1,000 male adults)",SP.DYN.AMRT.MA,Timor-Leste,TLS,196.525,,,,,,,,
"Mortality rate, adult, male (per 1,000 male adults)",SP.DYN.AMRT.MA,Togo,TGO,282.895,,,,,,,,
"Mortality rate, adult, male (per 1,000 male adults)",SP.DYN.AMRT.MA,Tonga,TON,232.709,,,,,,,,
"Mortality rate, adult, male (per 1,000 male adults)",SP.DYN.AMRT.MA,Trinidad and Tobago,TTO,196.468,,,,,,,,
"Mortality rate, adult, male (per 1,000 male adults)",SP.DYN.AMRT.MA,Tunisia,TUN,125.936,,,,,,,,
"Mortality rate, adult, male (per 1,000 male adults)",SP.DYN.AMRT.MA,Turkiye,TUR,110.797,,,,,,,,
"Mortality rate, adult, male (per 1,000 male adults)",SP.DYN.AMRT.MA,Turkmenistan,TKM,233.645,,,,,,,,
"Mortality rate, adult, male (per 1,000 male adults)",SP.DYN.AMRT.MA,Turks and Caicos Islands,TCA,128.163,,,,,,,,
"Mortality rate, adult, male (per 1,000 male adults)",SP.DYN.AMRT.MA,Tuvalu,TUV,384.691,,,,,,,,
"Mortality rate, adult, male (per 1,000 male adults)",SP.DYN.AMRT.MA,Uganda,UGA,334.728,,,,,,,,
"Mortality rate, adult, male (per 1,000 male adults)",SP.DYN.AMRT.MA,Ukraine,UKR,..,,,,,,,,
"Mortality rate, adult, male (per 1,000 male adults)",SP.DYN.AMRT.MA,United Arab Emirates,ARE,68.244,,,,,,,,
"Mortality rate, adult, male (per 1,000 male adults)",SP.DYN.AMRT.MA,United Kingdom,GBR,85.272,,,,,,,,
"Mortality rate, adult, male (per 1,000 male adults)",SP.DYN.AMRT.MA,United States,USA,136.83,,,,,,,,
"Mortality rate, adult, male (per 1,000 male adults)",SP.DYN.AMRT.MA,Upper middle income,UMC,140.8411941,,,,,,,,
"Mortality rate, adult, male (per 1,000 male adults)",SP.DYN.AMRT.MA,Uruguay,URY,148.377,,,,,,,,
"Mortality rate, adult, male (per 1,000 male adults)",SP.DYN.AMRT.MA,Uzbekistan,UZB,198.13,,,,,,,,
"Mortality rate, adult, male (per 1,000 male adults)",SP.DYN.AMRT.MA,Vanuatu,VUT,204.953,,,,,,,,
"Mortality rate, adult, male (per 1,000 male adults)",SP.DYN.AMRT.MA,"Venezuela, RB",VEN,230.673,,,,,,,,
"Mortality rate, adult, male (per 1,000 male adults)",SP.DYN.AMRT.MA,Viet Nam,VNM,187.339,,,,,,,,
"Mortality rate, adult, male (per 1,000 male adults)",SP.DYN.AMRT.MA,Virgin Islands (U.S.),VIR,191.042,,,,,,,,
"Mortality rate, adult, male (per 1,000 male adults)",SP.DYN.AMRT.MA,West Bank and Gaza,PSE,118.03,,,,,,,,
"Mortality rate, adult, male (per 1,000 male adults)",SP.DYN.AMRT.MA,"Yemen, Rep.",YEM,277.88,,,,,,,,
"Mortality rate, adult, male (per 1,000 male adults)",SP.DYN.AMRT.MA,Zambia,ZMB,321.702,,,,,,,,
"Mortality rate, adult, male (per 1,000 male adults)",SP.DYN.AMRT.MA,Zimbabwe,ZWE,400.483,,,,,,,,
,,,,,,,,,,,,
,,,,,,,,,,,,
,,,,,,,,,,,,
Data from database: Health Nutrition and Population Statistics,,,,,,,,,,,,
Last Updated: 12/20/2023,,,,,,,,,,,,
Code,License Type,Indicator Name,Long definition,Source,Topic,Periodicity,Aggregation method,Statistical concept and methodology,Development relevance,Limitations and exceptions,,
SP.DYN.AMRT.FE,CC BY-4.0,"Mortality rate, adult, female (per 1,000 female adults)","Adult mortality rate, female, is the probability of dying between the ages of 15 and 60--that is, the probability of a 15-year-old female dying before reaching age 60, if subject to age-specific mortality rates of the specified year between those ages.","(1) United Nations Population Division. World Population Prospects: 2022 Revision. (2) HMD. Human Mortality Database. Max Planck Institute for Demographic Research (Germany), University of California, Berkeley (USA), and French Institute for Demographic Studies (France). Available at www.mortality.org.",Health: Mortality,Annual,Weighted average,"The main sources of mortality data are vital registration systems and direct or indirect estimates based on sample surveys or censuses. A complete"" vital registration system - covering at least 90 percent of vital events in the population - is the best source of age-specific mortality data. Where reliable age-specific mortality data are available", life tables can be constructed from age-specific mortality data," and adult mortality rates can be calculated from life tables.""","Mortality rates for different age groups (infants, children, and adults) and overall mortality indicators (life expectancy at birth or survival to a given age) are important indicators of health status in a country. Because data on the incidence and prevalence of diseases are frequently unavailable, mortality rates are often used to identify vulnerable populations. And they are among the indicators most frequently used to compare socioeconomic development across countries.",Data from United Nations Population Division's World Populaton Prospects are originally 5-year period data and the presented are linearly interpolated by the World Bank for annual series. Therefore they may not reflect real events as much as observed data.
SP.DYN.AMRT.MA,CC BY-4.0,"Mortality rate, adult, male (per 1,000 male adults)","Adult mortality rate, male, is the probability of dying between the ages of 15 and 60--that is, the probability of a 15-year-old male dying before reaching age 60, if subject to age-specific mortality rates of the specified year between those ages.","(1) United Nations Population Division. World Population Prospects: 2022 Revision. (2) HMD. Human Mortality Database. Max Planck Institute for Demographic Research (Germany), University of California, Berkeley (USA), and French Institute for Demographic Studies (France). Available at www.mortality.org.",Health: Mortality,Annual,Weighted average,"The main sources of mortality data are vital registration systems and direct or indirect estimates based on sample surveys or censuses. A complete"" vital registration system - covering at least 90 percent of vital events in the population - is the best source of age-specific mortality data. Where reliable age-specific mortality data are available", life tables can be constructed from age-specific mortality data," and adult mortality rates can be calculated from life tables.""","Mortality rates for different age groups (infants, children, and adults) and overall mortality indicators (life expectancy at birth or survival to a given age) are important indicators of health status in a country. Because data on the incidence and prevalence of diseases are frequently unavailable, mortality rates are often used to identify vulnerable populations. And they are among the indicators most frequently used to compare socioeconomic development across countries.",Data from United Nations Population Division's World Populaton Prospects are originally 5-year period data and the presented are linearly interpolated by the World Bank for annual series. Therefore they may not reflect real events as much as observed data.
